"normal","new"
-3.46073125991443,0.946521657151788
9.21083060047651,13.6920114322665
20.7722007619962,25.3163515528944
18.7735934034141,23.1976828228368
31.970176769047,36.0090263731302
-1.79296689952605,2.81238134524903
16.983499171807,21.4885114674816
19.4277073869492,23.9266375327027
22.5346248353059,27.1657463943744
-0.589265932129269,3.457180694411
