"","normal","new"
"1",2.99158298769638,6.99158298769638
"2",1.41349162123233,5.41349162123233
"3",1.77813640271094,5.77813640271094
"4",1.80945519283402,5.80945519283402
"5",2.82229031469289,6.82229031469289
"6",1.29753329704522,5.29753329704522
"7",3.04840577305597,7.04840577305597
"8",2.45342550018547,6.45342550018547
"9",1.42062025338549,5.42062025338549
"10",2.00720052420363,6.00720052420363
