"max_temperature","male"
101.4525968,1
99.08899065,1
101.6722825,1
102.8207008,0
101.866931,0
100.8768381,1
100.72377,0
101.681569,0
100.6909117,0
101.7246293,1
99.93019288,1
101.6743506,1
102.3916722,1
102.0856416,1
103.6143288,0
100.0576074,0
101.7693304,0
99.82920316,1
